Date,Airline,Flight,From,To,Dep Terminal,Dep Gate,Arr Terminal,Arr Gate,Canceled,Diverted To,Gate Departure (Scheduled),Gate Departure (Actual),Take off (Scheduled),Take off (Actual),Landing (Scheduled),Landing (Actual),Gate Arrival (Scheduled),Gate Arrival (Actual),Aircraft Type Name,Tail Number,PNR,Seat,Seat Type,Cabin Class,Flight Reason,Notes,Flight Flighty ID,Airline Flighty ID,Departure Airport Flighty ID,Arrival Airport Flighty ID,Diverted To Airport Flighty ID,Aircraft Type Flighty ID
2016-11-09,ABY,484,AMD,SHJ,2,,,,false,,2016-11-09T05:15,,,,2016-11-09T06:41,2016-11-09T06:41,2016-11-09T06:45,,Airbus A320,A6ANF,,,,,,,ec242d58-952b-4b44-b23f-ff00b0a5a692,248435be-0bba-4d2c-a977-51ad77f9c476,371c9336-6e4f-46ff-9830-190ad6a2f36e,c658ed92-3540-4bbe-9530-e6270a24ea87,,dd390a1f-e92a-4411-ab72-04db16d42030
2016-11-14,ABY,483,SHJ,AMD,,,2,,false,,2016-11-14T00:40,,2016-11-14T00:48,2016-11-14T00:48,2016-11-14T04:28,2016-11-14T04:28,2016-11-14T04:35,,Airbus A320,A6AOP,,,,,,,ecae6996-4922-4bc4-bba9-2be36189ffdd,248435be-0bba-4d2c-a977-51ad77f9c476,c658ed92-3540-4bbe-9530-e6270a24ea87,371c9336-6e4f-46ff-9830-190ad6a2f36e,,dd390a1f-e92a-4411-ab72-04db16d42030
2017-10-19,IGO,488,BDQ,DEL,,,T1C,,false,,2017-10-19T21:20,2017-10-19T21:03,,2017-10-19T21:10,2017-10-19T22:24,2017-10-19T22:24,2017-10-19T23:00,2017-10-19T22:38,Airbus A320,VTIAP,,,,,,,0fd29352-c03b-4ae7-9bec-44a35875cb2b,6138dc1e-c866-4da6-bda7-f7f9c9d30784,389cea0c-46e2-4d46-abdb-7d3148672f13,8efaad68-a8cb-45c5-b819-dfeb8cbe505b,,dd390a1f-e92a-4411-ab72-04db16d42030
2017-10-20,JAI,2368,DEL,IXL,T3,,,,false,,2017-10-20T05:40,2017-10-20T05:36,,2017-10-20T05:57,2017-10-20T06:47,,2017-10-20T07:05,2017-10-20T06:58,Boeing 737-700,VTJGY,,,,,,,cebd10b1-26b1-414f-a608-1f564cfa3b01,b6bd9f68-b434-4e67-a048-402f1e22c762,8efaad68-a8cb-45c5-b819-dfeb8cbe505b,329c1c7c-0ef7-4cbf-a1c4-5d7b052d2e4b,,886c3a0c-c7a3-4205-982f-35cddc765ae1
2017-10-25,IGO,4064,DEL,BDQ,T1D,,,,false,,2017-10-25T14:10,2017-10-25T14:13,,2017-10-25T14:22,,,2017-10-25T15:40,2017-10-25T15:37,Airbus A320,VTIFY,,,,,,,6de7d481-1fc4-4de9-b54e-f524e5264409,6138dc1e-c866-4da6-bda7-f7f9c9d30784,8efaad68-a8cb-45c5-b819-dfeb8cbe505b,389cea0c-46e2-4d46-abdb-7d3148672f13,,dd390a1f-e92a-4411-ab72-04db16d42030
2018-05-26,JAI,687,AMD,DEL,1,,T3,,false,,2018-05-26T07:00,2018-05-26T06:53,,2018-05-26T07:02,2018-05-26T08:11,2018-05-26T08:11,2018-05-26T08:40,2018-05-26T08:18,Boeing 737-800,VTJGW,,,,,,,fb8d94e5-dc03-4f19-a522-7f2a1e73f113,b6bd9f68-b434-4e67-a048-402f1e22c762,371c9336-6e4f-46ff-9830-190ad6a2f36e,8efaad68-a8cb-45c5-b819-dfeb8cbe505b,,8ad8530e-acd0-42bf-abc5-1e70c4a076bf
2018-05-26,JAI,66,DEL,BKK,T3,,,,false,,2018-05-26T13:55,2018-05-26T13:55,,2018-05-26T14:14,2018-05-26T19:52,2018-05-26T19:43,2018-05-26T19:55,2018-05-26T19:57,Boeing 737-900ER,VTJLJ,,,,,,,35a29b60-da3e-4a93-9bd7-48964212106c,b6bd9f68-b434-4e67-a048-402f1e22c762,8efaad68-a8cb-45c5-b819-dfeb8cbe505b,548d409f-68f7-4450-aaaf-87133919af6d,,24012541-435d-4a27-af8a-4791336f1965
2018-05-27,TLM,752,DMK,HKT,2,,,,false,,2018-05-27T00:05,,2018-05-27T00:21,2018-05-27T00:21,,,2018-05-27T01:30,,Airbus A330-300,HSLAJ,,,,,,,97680096-f5e3-475d-9f9f-20e70ee35237,ee625d9e-cb1d-44ba-b7e0-98b57f172e28,99e501ce-1da8-427e-b685-4f54c4a1a6ee,5c2e8f65-88c9-4917-a076-4043eff8a926,,6eab475b-ae92-46cd-a1b8-66937c85f7cc
2018-05-30,TLM,755,HKT,DMK,,,2,,false,,2018-05-30T09:05,,,,2018-05-30T10:31,2018-05-30T10:31,2018-05-30T10:30,,Airbus A330-300,HSLAJ,,,,,,,92df16dd-955d-4eb9-b304-16e9790ba788,ee625d9e-cb1d-44ba-b7e0-98b57f172e28,5c2e8f65-88c9-4917-a076-4043eff8a926,99e501ce-1da8-427e-b685-4f54c4a1a6ee,,6eab475b-ae92-46cd-a1b8-66937c85f7cc
2018-06-01,JAI,63,BKK,DEL,,,T3,,false,,2018-06-01T20:10,2018-06-01T20:10,,,,,2018-06-01T23:15,2018-06-01T23:14,Boeing 737-900ER,VTJLH,,,,,,,99cb204a-791d-49fe-93a4-094be1be3e54,b6bd9f68-b434-4e67-a048-402f1e22c762,548d409f-68f7-4450-aaaf-87133919af6d,8efaad68-a8cb-45c5-b819-dfeb8cbe505b,,24012541-435d-4a27-af8a-4791336f1965
2018-06-02,JAI,690,DEL,AMD,T3,,1,,false,,2018-06-02T19:10,2018-06-02T19:37,,2018-06-02T19:55,2018-06-02T21:07,2018-06-02T21:07,2018-06-02T20:40,2018-06-02T21:12,Boeing 737-800,VTJFJ,,,,,,,a947207e-393a-4db3-be8f-b3b2fbc3a583,b6bd9f68-b434-4e67-a048-402f1e22c762,8efaad68-a8cb-45c5-b819-dfeb8cbe505b,371c9336-6e4f-46ff-9830-190ad6a2f36e,,8ad8530e-acd0-42bf-abc5-1e70c4a076bf
2018-12-10,JAI,2344,BDQ,BOM,,,2,,false,,2018-12-10T21:30,2018-12-10T22:52,,,2018-12-11T00:06,2018-12-11T00:06,2018-12-10T22:40,2018-12-11T00:14,Boeing 737-800,VT-JLF,,,,,,,d4753f83-0898-477a-8487-8f1503c66de6,b6bd9f68-b434-4e67-a048-402f1e22c762,389cea0c-46e2-4d46-abdb-7d3148672f13,2a6e27e3-f8ac-493e-adef-ee363a722a29,,8ad8530e-acd0-42bf-abc5-1e70c4a076bf
2018-12-11,GOW,461,BOM,IXZ,1,,,,false,,2018-12-11T04:00,2018-12-11T03:50,2018-12-11T04:06,2018-12-11T04:06,,,2018-12-11T07:25,2018-12-11T07:05,Airbus A320neo,VTWGF,,,,,,,fbd92923-ed70-4e3b-891c-bb84c4f70c95,bd483a2f-6595-4962-aa4b-1ad6ee167525,2a6e27e3-f8ac-493e-adef-ee363a722a29,b38c59ea-5317-4bd2-97f2-938ed33e6cf2,,fc3bd268-833c-40f4-a74c-9512dabcbe08
2018-12-16,GOW,465,IXZ,BOM,,,1,,false,,2018-12-16T07:55,2018-12-16T07:42,,,2018-12-16T11:20,2018-12-16T11:20,2018-12-16T11:35,2018-12-16T11:29,Airbus A320neo,VTWGB,,,,,,,402bb16b-680d-477e-a589-639712eeeb66,bd483a2f-6595-4962-aa4b-1ad6ee167525,b38c59ea-5317-4bd2-97f2-938ed33e6cf2,2a6e27e3-f8ac-493e-adef-ee363a722a29,,fc3bd268-833c-40f4-a74c-9512dabcbe08
2018-12-16,IGO,621,BOM,BDQ,1,,,,false,,2018-12-16T15:30,2018-12-16T16:10,,2018-12-16T16:41,2018-12-16T17:19,2018-12-16T17:19,2018-12-16T16:40,2018-12-16T17:25,Airbus A320neo,VTIZF,,,,,,,c9b38431-9099-4497-8111-bac90da38e0a,6138dc1e-c866-4da6-bda7-f7f9c9d30784,2a6e27e3-f8ac-493e-adef-ee363a722a29,389cea0c-46e2-4d46-abdb-7d3148672f13,,fc3bd268-833c-40f4-a74c-9512dabcbe08
2019-05-12,IGO,2591,BDQ,DEL,,,T2,,false,,2019-05-12T07:00,2019-05-12T07:20,,2019-05-12T07:30,2019-05-12T08:47,2019-05-12T08:47,2019-05-12T08:35,2019-05-12T08:53,Airbus A320,VTIHH,,,,,,,0ec0c2eb-2da4-4eed-baa5-ee4774f5a985,6138dc1e-c866-4da6-bda7-f7f9c9d30784,389cea0c-46e2-4d46-abdb-7d3148672f13,8efaad68-a8cb-45c5-b819-dfeb8cbe505b,,dd390a1f-e92a-4411-ab72-04db16d42030
2019-05-12,IGO,2263,DEL,IXB,T2,,,,false,,2019-05-12T14:05,2019-05-12T13:58,,2019-05-12T14:19,2019-05-12T15:57,2019-05-12T15:57,2019-05-12T16:05,2019-05-12T15:58,Airbus A320neo,VTIZA,,,,,,,01b29c2d-52d3-4fce-a67f-94e0770d05a4,6138dc1e-c866-4da6-bda7-f7f9c9d30784,8efaad68-a8cb-45c5-b819-dfeb8cbe505b,c0c33180-4c16-47f0-9d75-725618554bbc,,fc3bd268-833c-40f4-a74c-9512dabcbe08
2019-05-19,IGO,2646,IXB,DEL,,,T2,,false,,2019-05-19T12:30,2019-05-19T12:27,,2019-05-19T12:33,2019-05-19T14:22,2019-05-19T14:22,2019-05-19T14:45,2019-05-19T14:27,Airbus A320,VTIEC,,,,,,,6e98ba1e-f371-4fea-a09c-bc84389acd8d,6138dc1e-c866-4da6-bda7-f7f9c9d30784,c0c33180-4c16-47f0-9d75-725618554bbc,8efaad68-a8cb-45c5-b819-dfeb8cbe505b,,dd390a1f-e92a-4411-ab72-04db16d42030
2019-05-19,IGO,2698,DEL,BDQ,T2,,,,false,,2019-05-19T19:10,2019-05-19T18:58,,,,,2019-05-19T20:40,2019-05-19T20:34,Airbus A320,VTIHE,,,,,,,38871eab-710d-452f-8388-4e97e2bb2920,6138dc1e-c866-4da6-bda7-f7f9c9d30784,8efaad68-a8cb-45c5-b819-dfeb8cbe505b,389cea0c-46e2-4d46-abdb-7d3148672f13,,dd390a1f-e92a-4411-ab72-04db16d42030
2021-11-07,IGO,823,AMD,BLR,1,,,,false,,2021-11-07T06:00,2021-11-07T05:54,2021-11-07T06:00,2021-11-07T06:12:53,2021-11-07T08:25,2021-11-07T08:02:04,,2021-11-07T08:17,Airbus A321neo,VTILG,,,,,,,74569ea9-3e72-488f-aceb-ab0563f82857,6138dc1e-c866-4da6-bda7-f7f9c9d30784,371c9336-6e4f-46ff-9830-190ad6a2f36e,7b6f50fc-f249-4a6d-8ad8-791f650de9b8,,2e99cd6b-cec7-4ec7-a85e-dbc2b5e25a8f
2021-11-07,IGO,379,BLR,IXE,,6,,,false,,2021-11-07T09:40,2021-11-07T09:40,2021-11-07T09:40,2021-11-07T10:03:13,2021-11-07T10:50,2021-11-07T10:39:49,,,Airbus A321,VTILC,,,,,,,e8b12e34-eb75-4347-9bc2-ad5b24fb1887,6138dc1e-c866-4da6-bda7-f7f9c9d30784,7b6f50fc-f249-4a6d-8ad8-791f650de9b8,ebf4e834-f6a7-4a61-8fe2-3e1f202d6aaa,,5904cdc2-eccf-41fe-8345-e82a51d3269c
2021-11-12,IGO,6204,IXE,BOM,,,2,,false,,2021-11-12T10:00,2021-11-12T09:53,2021-11-12T10:00,2021-11-12T10:03:46,2021-11-12T11:35,2021-11-12T11:12:51,,2021-11-12T11:19,Airbus A320,VTIZB,,,,,,,80a66bd5-24f3-41bf-8393-b4cb3005728d,6138dc1e-c866-4da6-bda7-f7f9c9d30784,ebf4e834-f6a7-4a61-8fe2-3e1f202d6aaa,2a6e27e3-f8ac-493e-adef-ee363a722a29,,5abf9f45-a4ac-48dc-bd62-b6b0a6f31bb8
2021-11-12,IGO,138,BOM,BDQ,2,,,,false,,2021-11-12T17:05,2021-11-12T17:17,2021-11-12T17:05,2021-11-12T17:36:56,2021-11-12T18:10,2021-11-12T18:16:37,,2021-11-12T18:23,Airbus A321,VTIUE,,,,,,,1024a1e7-e7f1-40bc-81c2-966b372755a4,6138dc1e-c866-4da6-bda7-f7f9c9d30784,2a6e27e3-f8ac-493e-adef-ee363a722a29,389cea0c-46e2-4d46-abdb-7d3148672f13,,5904cdc2-eccf-41fe-8345-e82a51d3269c
2022-09-24,IGO,6246,BDQ,DEL,,,1D,,false,,2022-09-24T21:00,2022-09-24T22:25,2022-09-24T21:10,2022-09-24T22:36:08,2022-09-24T22:30,2022-09-24T23:43,2022-09-24T22:40,2022-09-24T23:47,Airbus A320neo,VTIZF,,,,,,,3688d0e3-75cd-409b-afdf-7f04f610808a,6138dc1e-c866-4da6-bda7-f7f9c9d30784,389cea0c-46e2-4d46-abdb-7d3148672f13,8efaad68-a8cb-45c5-b819-dfeb8cbe505b,,fc3bd268-833c-40f4-a74c-9512dabcbe08
2022-09-25,FIN,122,DEL,HEL,3,11,,,false,,2022-09-25T07:40,2022-09-25T07:45,2022-09-25T07:50,2022-09-25T08:07:41,2022-09-25T14:25,2022-09-25T14:34,2022-09-25T14:35,2022-09-25T14:39,Airbus A330-300,OHLTS,LKG4JU,,,,,,f9c74291-9460-4900-9b58-37882c69e743,49e2db86-f4de-401f-b0e4-a3e80841af4c,8efaad68-a8cb-45c5-b819-dfeb8cbe505b,561f2662-7b0f-4f72-b5bc-916f7b082f49,,6eab475b-ae92-46cd-a1b8-66937c85f7cc
2022-09-25,FIN,1763,HEL,FCO,,36A,1,,false,,2022-09-25T16:20,2022-09-25T16:51,2022-09-25T16:30,2022-09-25T16:59:56,2022-09-25T18:35,2022-09-25T19:02,2022-09-25T18:45,2022-09-25T19:10,Airbus A320,OHLXB,,,,,,,6eaf57ff-dd08-4e3c-baf8-1f6f40c1ca21,49e2db86-f4de-401f-b0e4-a3e80841af4c,561f2662-7b0f-4f72-b5bc-916f7b082f49,c1ae74d8-8361-4e5e-95e3-86a49e98df2a,,dd390a1f-e92a-4411-ab72-04db16d42030
2022-10-06,LGL,8012,CDG,LUX,2G,,,,false,,2022-10-06T09:35,2022-10-06T09:39:45,2022-10-06T09:45,2022-10-06T09:44:20,2022-10-06T10:25,2022-10-06T10:34:25,2022-10-06T10:35,2022-10-06T10:44:25,DHC-8-400 Dash 8Q,LXLQJ,LVRC3I,,,,,,a3513351-916e-4b9f-98c3-e678eb87b7dc,cf62133b-fa48-4288-8def-054d4d5a589a,065a1318-77b6-4f77-98ce-95b9253f64a5,d9711140-0469-4b57-890a-c978afaa48f6,,59b23fcb-b36b-49f7-9fb9-b1dc2a1a47d1
2022-10-06,TAP,691,LUX,LIS,,,1,,false,,2022-10-06T11:40,2022-10-06T11:50,2022-10-06T11:50,2022-10-06T11:59:40,2022-10-06T13:25,2022-10-06T13:31,2022-10-06T13:35,2022-10-06T13:36,Airbus A320,CSTNK,,,,,,,c345f547-96ae-4323-a0fa-d72324624730,9c42a4f8-f9ce-47ad-b1e7-4e47b334f4d0,d9711140-0469-4b57-890a-c978afaa48f6,f16c846f-6351-43af-8ae8-28df302e7c24,,5abf9f45-a4ac-48dc-bd62-b6b0a6f31bb8
2022-10-09,FIN,1740,LIS,HEL,1,,,,false,,2022-10-09T06:50,2022-10-09T06:52,2022-10-09T07:08:07,,2022-10-09T13:20,2022-10-09T13:25,2022-10-09T13:30,2022-10-09T13:29,Airbus A320,OYRUY,,,,,,,d99aa6df-46fb-4cbb-b5c0-19f6b7f637c9,49e2db86-f4de-401f-b0e4-a3e80841af4c,f16c846f-6351-43af-8ae8-28df302e7c24,561f2662-7b0f-4f72-b5bc-916f7b082f49,,5abf9f45-a4ac-48dc-bd62-b6b0a6f31bb8
2022-10-09,FIN,121,HEL,DEL,,44,3,,false,,2022-10-09T18:15,2022-10-09T18:15,2022-10-09T18:25,2022-10-09T18:27:47,2022-10-10T05:15,2022-10-10T04:48,2022-10-10T05:25,2022-10-10T05:03,Airbus A330-300,OHLTR,,,,,,,8046022c-12e9-42fd-a1be-99d47f17c8f3,49e2db86-f4de-401f-b0e4-a3e80841af4c,561f2662-7b0f-4f72-b5bc-916f7b082f49,8efaad68-a8cb-45c5-b819-dfeb8cbe505b,,6eab475b-ae92-46cd-a1b8-66937c85f7cc
2022-10-10,IGO,184,DEL,AMD,1D,4B,1,,false,,2022-10-10T09:50,2022-10-10T09:42,2022-10-10T10:00,2022-10-10T09:59:28,2022-10-10T11:10,2022-10-10T11:08,2022-10-10T11:20,2022-10-10T11:13,Airbus A321neo,VTIUU,,,,,,,2177e78d-1a34-415d-b0ed-d034a47aac39,6138dc1e-c866-4da6-bda7-f7f9c9d30784,8efaad68-a8cb-45c5-b819-dfeb8cbe505b,371c9336-6e4f-46ff-9830-190ad6a2f36e,,2e99cd6b-cec7-4ec7-a85e-dbc2b5e25a8f
2023-09-20,IGO,5185,BDQ,BOM,,,1,,false,,2023-09-20T13:45,,2023-09-20T13:55,2023-09-20T13:47:10,2023-09-20T14:45,2023-09-20T14:36:45,2023-09-20T14:55,,Airbus A321neo,VTIMY,,,,,,,a2f000f9-8ccc-430b-a758-3686ebbaf0c0,6138dc1e-c866-4da6-bda7-f7f9c9d30784,389cea0c-46e2-4d46-abdb-7d3148672f13,2a6e27e3-f8ac-493e-adef-ee363a722a29,,2e99cd6b-cec7-4ec7-a85e-dbc2b5e25a8f
2023-09-21,IGO,5186,BOM,BDQ,1,,,,false,,2023-09-21T15:40,2023-09-21T15:56:56,2023-09-21T15:50,2023-09-21T16:17:51,2023-09-21T16:50,2023-09-21T17:03:19,2023-09-21T17:00,,Airbus A321neo,VTIBF,,,,,,,2cac65e2-2d52-449f-8447-1d27e737b5a7,6138dc1e-c866-4da6-bda7-f7f9c9d30784,2a6e27e3-f8ac-493e-adef-ee363a722a29,389cea0c-46e2-4d46-abdb-7d3148672f13,,2e99cd6b-cec7-4ec7-a85e-dbc2b5e25a8f
2023-10-02,AIC,670,BDQ,BOM,,,2,,false,,2023-10-02T07:00,,2023-10-02T07:10,2023-10-02T07:13:42,2023-10-02T08:00,2023-10-02T08:01:57,2023-10-02T08:10,,Airbus A321,VTPPX,5ELCEF,5E,,,,,8568c889-e3d7-43cf-8f69-1a6143f0e306,b13dde84-41e3-49fa-8a3c-536ee9eda8b0,389cea0c-46e2-4d46-abdb-7d3148672f13,2a6e27e3-f8ac-493e-adef-ee363a722a29,,5904cdc2-eccf-41fe-8345-e82a51d3269c
2023-10-10,IGO,7184,LKO,IDR,2,,,,false,,2023-10-10T10:25,2023-10-10T10:02,2023-10-10T10:35,2023-10-10T10:13:13,2023-10-10T12:15,2023-10-10T11:53,2023-10-10T12:55,2023-10-10T11:58,ATR 72,VTIYM,,,,,,,45caa96e-5488-42ab-a88d-7146bdc21ffe,6138dc1e-c866-4da6-bda7-f7f9c9d30784,16a460bc-a87b-40a9-a6aa-278be386dbac,34b379e5-2c74-4882-a100-87054297f4b8,,00069458-a1cb-42ac-889d-8c259cc8e679
2023-11-15,AIC,670,BDQ,BOM,,,2,,false,,2023-11-15T07:10,,2023-11-15T07:20,2023-11-15T07:38,2023-11-15T08:00,2023-11-15T08:34,2023-11-15T08:10,,Airbus A321,VTPPM,RTG8XV,,,,,,3c11c740-50f4-4a41-8531-3bc8b5ee9fe6,b13dde84-41e3-49fa-8a3c-536ee9eda8b0,389cea0c-46e2-4d46-abdb-7d3148672f13,2a6e27e3-f8ac-493e-adef-ee363a722a29,,5904cdc2-eccf-41fe-8345-e82a51d3269c
2023-11-15,ALK,144,BOM,CMB,2,,,,false,,2023-11-15T20:45,2023-11-15T21:06,2023-11-15T20:55,2023-11-15T21:27,2023-11-15T23:00,2023-11-15T23:15,2023-11-15T23:10,2023-11-15T23:25,Airbus A320,4RMRE,6EU647,6E,,,,,42fa9e0f-d2b8-45c3-9196-a184172d841f,7caecd54-2754-4f3c-aa8b-20a641a0fb8b,2a6e27e3-f8ac-493e-adef-ee363a722a29,d3812494-4b98-4ced-ac9d-e8cfd7156b04,,5abf9f45-a4ac-48dc-bd62-b6b0a6f31bb8
2023-11-16,ALK,402,CMB,BKK,,,,,false,,2023-11-16T01:15,2023-11-16T01:10,2023-11-16T01:25,2023-11-16T01:26,2023-11-16T06:15,2023-11-16T06:15,2023-11-16T06:20,2023-11-16T06:20,Airbus A320,4RABO,,,,,,,b97d839a-b247-467a-a4fe-f8fb0a6fe1f6,7caecd54-2754-4f3c-aa8b-20a641a0fb8b,d3812494-4b98-4ced-ac9d-e8cfd7156b04,548d409f-68f7-4450-aaaf-87133919af6d,,5abf9f45-a4ac-48dc-bd62-b6b0a6f31bb8
2023-11-20,AIQ,311,DMK,KUL,1,,2,,false,,2023-11-20T06:40,2023-11-20T06:42,2023-11-20T06:50,2023-11-20T06:51,2023-11-20T09:45,2023-11-20T09:42,2023-11-20T09:55,,Airbus A320,HSBBP,,,,,,,c343eb3a-1e5f-4e74-b6c7-8e388b7badf7,49f5be2c-d4c1-4371-a45b-4ec4aabd7011,99e501ce-1da8-427e-b685-4f54c4a1a6ee,d0ed4e28-88b7-4a15-ba4e-bb366458975a,,5abf9f45-a4ac-48dc-bd62-b6b0a6f31bb8
2023-11-26,ALK,309,SIN,CMB,3,B9,,,false,,2023-11-26T19:55,2023-11-26T19:55,2023-11-26T20:05,2023-11-26T21:08,2023-11-26T21:05,2023-11-26T21:52,2023-11-26T21:15,2023-11-26T22:02,Airbus A330-200,4RALC,,,,,,,c5b56772-5a45-410d-a2f1-a82e98722c6d,7caecd54-2754-4f3c-aa8b-20a641a0fb8b,0408c509-a410-4361-806b-eebecfea9bc1,d3812494-4b98-4ced-ac9d-e8cfd7156b04,,e492cf0a-cb5c-4d2d-8102-ac650906e9d5
2023-11-26,ALK,141,CMB,BOM,,,2,,false,,2023-11-26T23:45,2023-11-26T23:37,2023-11-26T23:55,2023-11-26T23:49,2023-11-27T02:00,2023-11-27T01:56,2023-11-27T02:10,2023-11-27T02:05,Airbus A320neo,4RANA,6EU647,14B,,ECONOMY,,,e006857d-4430-46a3-b59c-1cfd18a020d1,7caecd54-2754-4f3c-aa8b-20a641a0fb8b,d3812494-4b98-4ced-ac9d-e8cfd7156b04,2a6e27e3-f8ac-493e-adef-ee363a722a29,,fc3bd268-833c-40f4-a74c-9512dabcbe08
2023-11-27,AIC,669,BOM,BDQ,2,,,,false,,2023-11-27T05:15,2023-11-27T05:26,2023-11-27T05:25,2023-11-27T05:31,2023-11-27T06:25,2023-11-27T06:15,2023-11-27T06:35,,Airbus A321,VTPPT,,,,,,,d1f4ed19-7672-4913-acee-4cb5574b12a5,b13dde84-41e3-49fa-8a3c-536ee9eda8b0,2a6e27e3-f8ac-493e-adef-ee363a722a29,389cea0c-46e2-4d46-abdb-7d3148672f13,,5904cdc2-eccf-41fe-8345-e82a51d3269c
2024-01-18,IGO,5602,BDQ,DEL,,,3,,false,,2024-01-18T08:10,2024-01-18T08:07,2024-01-18T08:20,2024-01-18T08:17,2024-01-18T09:30,2024-01-18T09:34,2024-01-18T09:40,2024-01-18T09:43,Airbus A320neo,VTIJW,,,,,,,76f31149-a2be-4497-995a-13cbc9012583,6138dc1e-c866-4da6-bda7-f7f9c9d30784,389cea0c-46e2-4d46-abdb-7d3148672f13,8efaad68-a8cb-45c5-b819-dfeb8cbe505b,,fc3bd268-833c-40f4-a74c-9512dabcbe08
2024-01-19,IGO,6637,DEL,BDQ,1D,42,,,false,,2024-01-19T18:35,2024-01-19T18:44,2024-01-19T18:45,2024-01-19T19:01,2024-01-19T20:00,2024-01-19T20:28,2024-01-19T20:10,2024-01-19T20:34,Airbus A320neo,VTIQC,,,,,,,9685f1ee-7698-4b78-aae4-193aa35a4b28,6138dc1e-c866-4da6-bda7-f7f9c9d30784,8efaad68-a8cb-45c5-b819-dfeb8cbe505b,389cea0c-46e2-4d46-abdb-7d3148672f13,,fc3bd268-833c-40f4-a74c-9512dabcbe08
2024-05-26,IGO,2078,STV,DEL,,,2,,false,,2024-05-26T08:30,2024-05-26T08:23,2024-05-26T08:40,2024-05-26T08:36,2024-05-26T10:05,2024-05-26T10:03,2024-05-26T10:15,2024-05-26T10:13,Airbus A320neo,VTIID,TPW88L,,,ECONOMY,,,4b62ae26-4a84-4759-80ca-e2b58489a186,6138dc1e-c866-4da6-bda7-f7f9c9d30784,4eb4502d-207c-4113-8ff2-91a1eca0e1b3,8efaad68-a8cb-45c5-b819-dfeb8cbe505b,,fc3bd268-833c-40f4-a74c-9512dabcbe08
2024-05-26,IGO,2218,DEL,IXR,2,,,,false,,2024-05-26T12:25,,2024-05-26T13:16,2024-05-26T13:03,2024-05-26T14:24,2024-05-26T14:24,2024-05-26T14:10,,Airbus A320,9HSLF,TPW88L,,,ECONOMY,,,fa5198a9-d460-42fd-aeb0-430d32490f03,6138dc1e-c866-4da6-bda7-f7f9c9d30784,8efaad68-a8cb-45c5-b819-dfeb8cbe505b,961e92f3-5bff-4a62-8f6c-f69b00a98e6e,,5abf9f45-a4ac-48dc-bd62-b6b0a6f31bb8
2024-05-30,IGO,2332,IXR,DEL,,,2,,false,,2024-05-30T09:30,2024-05-30T09:50,2024-05-30T09:40,2024-05-30T10:04,2024-05-30T11:10,2024-05-30T11:33,2024-05-30T11:20,,Airbus A320,YLLDX,TPW88L,,,ECONOMY,,,319a9a7e-6589-459d-a2c0-8a80e44df851,6138dc1e-c866-4da6-bda7-f7f9c9d30784,961e92f3-5bff-4a62-8f6c-f69b00a98e6e,8efaad68-a8cb-45c5-b819-dfeb8cbe505b,,5abf9f45-a4ac-48dc-bd62-b6b0a6f31bb8
2024-05-30,IGO,2557,DEL,STV,2,31,,,false,,2024-05-30T15:15,2024-05-30T15:28,2024-05-30T15:25,2024-05-30T15:45,2024-05-30T16:45,2024-05-30T17:09,2024-05-30T17:00,2024-05-30T17:15,Airbus A321neo,VTILL,TPW88L,,,ECONOMY,,,3d2314c0-2af6-4f46-ba6f-617bb66d6e11,6138dc1e-c866-4da6-bda7-f7f9c9d30784,8efaad68-a8cb-45c5-b819-dfeb8cbe505b,4eb4502d-207c-4113-8ff2-91a1eca0e1b3,,2e99cd6b-cec7-4ec7-a85e-dbc2b5e25a8f
2024-07-15,VTI,918,AMD,BOM,1,,2,,false,,2024-07-15T04:50,2024-07-15T04:36,2024-07-15T05:00,2024-07-15T05:10,2024-07-15T06:05,2024-07-15T06:12,2024-07-15T06:15,2024-07-15T06:21,Airbus A320neo,VTTNX,5SJUWM,9D,,,,,c34c82f4-4d74-47a9-982e-fe05606f42a9,8eb49091-e9b4-4422-9a36-9792a06d30cc,371c9336-6e4f-46ff-9830-190ad6a2f36e,2a6e27e3-f8ac-493e-adef-ee363a722a29,,fc3bd268-833c-40f4-a74c-9512dabcbe08
2024-07-15,ETD,197,BOM,AUH,2,,A,B12,false,,2024-07-15T10:55,2024-07-15T11:05,2024-07-15T11:05,2024-07-15T11:40,2024-07-15T12:16,2024-07-15T12:38,2024-07-15T12:30,2024-07-15T12:44,Airbus A320,A6EIY,,,,,,,8f0d207f-cc9b-4f6e-adc3-3cba1cb1250d,4d3bca9e-92ed-4ba9-b15d-9adf90c8a57b,2a6e27e3-f8ac-493e-adef-ee363a722a29,1f275af7-54af-4898-b7d6-4c0caa2b7eb6,,5abf9f45-a4ac-48dc-bd62-b6b0a6f31bb8
2024-07-15,ETD,17,AUH,LHR,A,D43,4,,false,,2024-07-15T14:05,2024-07-15T14:50,2024-07-15T14:15,2024-07-15T15:24,2024-07-15T18:05,2024-07-15T19:22,2024-07-15T18:45,2024-07-15T19:34,Airbus A380,A6APG,,,,,,,e07f0e31-6af4-4bab-bfd5-225d26f0cb56,4d3bca9e-92ed-4ba9-b15d-9adf90c8a57b,1f275af7-54af-4898-b7d6-4c0caa2b7eb6,5a2a51a0-1a5b-42c9-b220-c61953fac034,,b8eb326f-91a9-4135-9759-93f73428b24f
2024-07-27,ETD,46,DUB,AUH,1,306,A,B18,false,,2024-07-27T09:10,2024-07-27T09:12,2024-07-27T09:20,2024-07-27T09:33,2024-07-27T19:09,2024-07-27T19:16,2024-07-27T19:30,2024-07-27T19:22,Boeing 777-300 ER,A6ETH,,,,,,,ebf3bced-a484-4958-9600-6feb60ad2cf5,4d3bca9e-92ed-4ba9-b15d-9adf90c8a57b,5dc01a9f-6855-4248-8e7b-0fef83144078,1f275af7-54af-4898-b7d6-4c0caa2b7eb6,,78eac566-1ad0-4ded-9979-9510dfde05f2
2024-07-27,ETD,206,AUH,BOM,A,D44,2,,false,,2024-07-27T21:50,2024-07-27T21:45,2024-07-27T22:00,2024-07-27T22:04,2024-07-28T02:26,2024-07-28T02:22,2024-07-28T02:40,2024-07-28T02:37,Boeing 787-9,A6BNF,,,,,,,157c5ac3-6b98-4825-8b1a-7298b2cd2546,4d3bca9e-92ed-4ba9-b15d-9adf90c8a57b,1f275af7-54af-4898-b7d6-4c0caa2b7eb6,2a6e27e3-f8ac-493e-adef-ee363a722a29,,c4910e5e-2c05-4d17-bc08-fa0c8c0b77d9
2024-07-28,AIC,669,BOM,BDQ,2,,,,false,,2024-07-28T08:10,2024-07-28T08:14,2024-07-28T08:20,2024-07-28T08:28,2024-07-28T09:15,2024-07-28T09:15,2024-07-28T09:25,,Airbus A320neo,VTCIN,P3H7EU,,,,,,08d8660d-a2b5-4107-9f9c-08a90058a30c,b13dde84-41e3-49fa-8a3c-536ee9eda8b0,2a6e27e3-f8ac-493e-adef-ee363a722a29,389cea0c-46e2-4d46-abdb-7d3148672f13,,fc3bd268-833c-40f4-a74c-9512dabcbe08
2024-11-14,IGO,6678,JLR,BOM,,,2,,false,,2024-11-14T13:05,2024-11-14T14:06,2024-11-14T13:15,2024-11-14T14:16,2024-11-14T14:40,2024-11-14T15:52,2024-11-14T14:55,2024-11-14T15:58,Airbus A320neo,VTIVY,,,,,,,fc2bfbd2-3eeb-4c75-aeb2-092e23b763e8,6138dc1e-c866-4da6-bda7-f7f9c9d30784,8a0011de-7965-4861-938b-e365490d7511,2a6e27e3-f8ac-493e-adef-ee363a722a29,,fc3bd268-833c-40f4-a74c-9512dabcbe08
2024-11-14,IGO,2168,BOM,BDQ,2,,,,false,,2024-11-14T19:25,2024-11-14T20:58,2024-11-14T19:35,2024-11-14T21:20,2024-11-14T20:15,2024-11-14T21:59,2024-11-14T20:30,2024-11-14T22:06,Airbus A320neo,VTIJU,,,,,,,b73dd7a6-cdd5-4a97-9c1f-88b01f2c1182,6138dc1e-c866-4da6-bda7-f7f9c9d30784,2a6e27e3-f8ac-493e-adef-ee363a722a29,389cea0c-46e2-4d46-abdb-7d3148672f13,,fc3bd268-833c-40f4-a74c-9512dabcbe08
2024-12-05,IGO,105,BDQ,GOX,,,,,false,,2024-12-05T17:10,2024-12-05T17:00,2024-12-05T17:20,2024-12-05T17:10,2024-12-05T18:15,2024-12-05T18:18,2024-12-05T18:40,2024-12-05T18:25,Airbus A320neo,VTIID,,,,,,,df38b6d0-87ff-407e-997c-27db8ad53452,6138dc1e-c866-4da6-bda7-f7f9c9d30784,389cea0c-46e2-4d46-abdb-7d3148672f13,32879230-c079-41f3-b90f-92d25b60d24c,,fc3bd268-833c-40f4-a74c-9512dabcbe08
2024-12-08,IGO,104,GOX,BDQ,,,,,false,,2024-12-08T15:10,,2024-12-08T15:20,2024-12-08T15:17,2024-12-08T16:30,2024-12-08T16:22,2024-12-08T16:40,,Airbus A320neo,VTIZQ,,,,,,,30e5cffe-28d8-49e5-8134-d2b15e83fa08,6138dc1e-c866-4da6-bda7-f7f9c9d30784,32879230-c079-41f3-b90f-92d25b60d24c,389cea0c-46e2-4d46-abdb-7d3148672f13,,fc3bd268-833c-40f4-a74c-9512dabcbe08
2024-12-22,IGO,5187,BDQ,BOM,,,1,,false,,2024-12-22T06:55,2024-12-22T06:55,2024-12-22T07:05,2024-12-22T07:10,2024-12-22T07:50,2024-12-22T08:13,2024-12-22T08:10,2024-12-22T08:16,Airbus A320,VTIFN,,,,,,,17621789-53ce-43f7-9e88-ceaf66189403,6138dc1e-c866-4da6-bda7-f7f9c9d30784,389cea0c-46e2-4d46-abdb-7d3148672f13,2a6e27e3-f8ac-493e-adef-ee363a722a29,,dd390a1f-e92a-4411-ab72-04db16d42030
2025-03-10,IGO,635,AMD,AYJ,1,,,,false,,2025-03-10T13:50,2025-03-10T13:50,2025-03-10T14:00,2025-03-10T14:01,2025-03-10T15:20,2025-03-10T15:30,2025-03-10T15:30,2025-03-10T15:38,Airbus A320neo,VTIQQ,,,,,,,d410ce15-0f2a-41b0-8b11-41635f65072b,6138dc1e-c866-4da6-bda7-f7f9c9d30784,371c9336-6e4f-46ff-9830-190ad6a2f36e,d6b0b07a-9011-440f-b44b-1d34dbb38fa9,,fc3bd268-833c-40f4-a74c-9512dabcbe08
2025-03-14,IGO,6414,VNS,AMD,,,2,,false,,2025-03-14T17:00,2025-03-14T16:41,2025-03-14T17:10,2025-03-14T16:51,2025-03-14T18:55,2025-03-14T18:32,2025-03-14T19:05,2025-03-14T18:40,Airbus A320neo,VTITR,,,,,,,fc8404eb-10ef-485a-99f4-e3d9afe4f9dc,6138dc1e-c866-4da6-bda7-f7f9c9d30784,aea15e87-82eb-4ccf-a366-9d6b75f486ce,371c9336-6e4f-46ff-9830-190ad6a2f36e,,fc3bd268-833c-40f4-a74c-9512dabcbe08
2025-05-01,IGO,679,BDQ,BOM,,,2,,false,,2025-05-01T21:00,,2025-05-01T21:10,2025-05-01T21:24,2025-05-01T22:15,2025-05-01T22:19,2025-05-01T22:25,,Airbus A320neo,VTIJT,,,,,,,aea2bf6f-3874-4043-add5-7703eb1053fd,6138dc1e-c866-4da6-bda7-f7f9c9d30784,389cea0c-46e2-4d46-abdb-7d3148672f13,2a6e27e3-f8ac-493e-adef-ee363a722a29,,fc3bd268-833c-40f4-a74c-9512dabcbe08
2025-05-02,UAE,501,BOM,DXB,2,,3,D2,false,,2025-05-02T04:25,2025-05-02T04:25,2025-05-02T04:35,2025-05-02T04:48,2025-05-02T05:50,2025-05-02T06:02,2025-05-02T06:00,2025-05-02T06:06,Airbus A380-800,A6EVS,,,,,LEISURE,,cca68238-ee8d-45bb-b9fb-6757536b7828,daa8b561-0aed-4a16-ace4-f13fa6c6ea21,2a6e27e3-f8ac-493e-adef-ee363a722a29,e8b51cb0-c41d-4224-b842-7f69655f8076,,c0d25858-9057-4fec-bd89-0c18fd4489d3
2025-05-02,UAE,211,DXB,IAH,3,A9,E,D16,false,,2025-05-02T09:30,2025-05-02T10:40,2025-05-02T09:40,2025-05-02T11:10,2025-05-02T16:40,2025-05-02T17:51,2025-05-02T16:50,2025-05-02T17:58,Airbus A380-800,A6EVQ,,,,,,,b175156e-a7fe-4f5a-93f2-24849b4cf412,daa8b561-0aed-4a16-ace4-f13fa6c6ea21,e8b51cb0-c41d-4224-b842-7f69655f8076,9a82d843-2e36-4dba-8a6c-ea86d70b316b,,c0d25858-9057-4fec-bd89-0c18fd4489d3
2025-05-17,NKS,2170,IAH,ATL,A,A24,S,C5,false,,2025-05-17T07:05,2025-05-17T06:59,2025-05-17T07:15,2025-05-17T07:12,2025-05-17T09:59,2025-05-17T09:53,2025-05-17T10:09,2025-05-17T10:14,Airbus A320neo,N971NK,,,,,,,274534c4-fecf-41ad-99eb-3cf74d1f79de,ffe5c844-1817-47ed-ab7c-6b41364be364,9a82d843-2e36-4dba-8a6c-ea86d70b316b,6f0c1d11-cfef-4b33-b462-90379270f593,,fc3bd268-833c-40f4-a74c-9512dabcbe08
2025-05-20,NKS,2574,ATL,IAH,N,D2,A,A20,false,,2025-05-20T07:05,2025-05-20T07:51,2025-05-20T07:15,2025-05-20T08:02,2025-05-20T08:05,2025-05-20T08:45,2025-05-20T08:15,2025-05-20T08:52,Airbus A320,N627NK,,,,,,,9ad2631f-b153-4d69-9940-8ead39c41ddd,ffe5c844-1817-47ed-ab7c-6b41364be364,6f0c1d11-cfef-4b33-b462-90379270f593,9a82d843-2e36-4dba-8a6c-ea86d70b316b,,dd390a1f-e92a-4411-ab72-04db16d42030
2025-06-20,NKS,2063,IAH,EWR,A,A24,B,B48,false,,2025-06-20T06:25,2025-06-20T06:20,2025-06-20T06:35,2025-06-20T06:34,2025-06-20T10:50,2025-06-20T10:40,2025-06-20T11:00,2025-06-20T10:49,Airbus A321neo,N712NK,,,,,,,5fd641ee-2528-417e-8f51-43d0731a3494,ffe5c844-1817-47ed-ab7c-6b41364be364,9a82d843-2e36-4dba-8a6c-ea86d70b316b,4427d229-a1e2-4955-81fa-9b5c0f103f12,,2e99cd6b-cec7-4ec7-a85e-dbc2b5e25a8f
2025-06-24,NKS,2064,EWR,IAH,B,B48,A,A19,false,,2025-06-24T12:05,2025-06-24T12:06,2025-06-24T12:15,2025-06-24T12:27,2025-06-24T14:50,2025-06-24T14:17,2025-06-24T15:00,2025-06-24T14:29,Airbus A321neo,N740NK,,,,,,,abca2b75-a0c9-40d7-ae54-d3c8b3328ce7,ffe5c844-1817-47ed-ab7c-6b41364be364,4427d229-a1e2-4955-81fa-9b5c0f103f12,9a82d843-2e36-4dba-8a6c-ea86d70b316b,,2e99cd6b-cec7-4ec7-a85e-dbc2b5e25a8f
2025-07-06,UAE,212,IAH,DXB,D,D16,3,,false,,2025-07-06T19:55,2025-07-06T19:35,2025-07-06T20:05,2025-07-06T19:58,2025-07-07T19:35,2025-07-07T19:24,2025-07-07T19:45,2025-07-07T19:29,Airbus A380,A6EUR,,,,,,,497501b8-a043-4d34-8400-de270774aebe,daa8b561-0aed-4a16-ace4-f13fa6c6ea21,9a82d843-2e36-4dba-8a6c-ea86d70b316b,e8b51cb0-c41d-4224-b842-7f69655f8076,,b8eb326f-91a9-4135-9759-93f73428b24f
2025-07-07,UAE,538,DXB,AMD,3,B12,2,,false,,2025-07-07T22:50,2025-07-07T22:47,2025-07-07T23:00,2025-07-07T23:10,2025-07-08T02:50,2025-07-08T02:58,2025-07-08T03:00,2025-07-08T03:03,Airbus A350-900,A6EXF,,,,,,,871de2a9-23e0-4a2a-88a2-caa861b515ce,daa8b561-0aed-4a16-ace4-f13fa6c6ea21,e8b51cb0-c41d-4224-b842-7f69655f8076,371c9336-6e4f-46ff-9830-190ad6a2f36e,,0f7e0145-14a5-4c47-aa84-f03b1ff28cd0
2025-10-22,TVJ,763,BOM,HKT,,,D,,false,,2025-10-22T02:05,,,,,,2025-10-22T08:20,,Airbus A320,,,,,,,,08ba3758-446d-4f26-9bb3-ce2fb457b4a1,f5183270-3577-42fd-aa42-647143b3dab1,2a6e27e3-f8ac-493e-adef-ee363a722a29,5c2e8f65-88c9-4917-a076-4043eff8a926,,63155468-7f9d-4f33-8e5d-c0bf2edd2987
2025-10-25,TLM,759,HKT,DMK,D,,2,,false,,2025-10-25T11:15,,,,,,2025-10-25T12:40,,Boeing 737-800,,,,,,,,2f95f86c-da31-417e-948c-dbd651b65306,ee625d9e-cb1d-44ba-b7e0-98b57f172e28,5c2e8f65-88c9-4917-a076-4043eff8a926,99e501ce-1da8-427e-b685-4f54c4a1a6ee,,8ad8530e-acd0-42bf-abc5-1e70c4a076bf
2025-10-27,TLM,218,DMK,BOM,1,,2,,false,,2025-10-27T20:55,,,,,,2025-10-27T23:35,,Boeing 737-800,,,,,,,,712b0dfb-d457-4824-a74c-8122662b860b,ee625d9e-cb1d-44ba-b7e0-98b57f172e28,99e501ce-1da8-427e-b685-4f54c4a1a6ee,2a6e27e3-f8ac-493e-adef-ee363a722a29,,8ad8530e-acd0-42bf-abc5-1e70c4a076bf
2023-10-02,,763,BOM,IXR,,,,,false,,2023-10-02T12:05,,,,,,2023-10-02T14:30,,Airbus A320,,,,,,,,,,2a6e27e3-f8ac-493e-adef-ee363a722a29,961e92f3-5bff-4a62-8f6c-f69b00a98e6e,,dd390a1f-e92a-4411-ab72-04db16d42030
